x,OC,CS,NC
-0.0158,,,1093.06
-0.01,,,1092.71
-1.69E-13,300.33,,1092.11
0.01,300.34,,1091.51
0.02,300.34,,1090.91
0.03,300.35,651.96,1090.3
0.04,300.35,651.96,1089.7
0.05,300.35,651.96,1089.09
0.06,300.36,651.95,1088.48
0.07,300.36,651.95,1087.86
0.08,300.37,651.95,1087.25
0.09,300.37,651.95,1086.62
0.1,300.38,651.94,1085.99
0.11,300.38,651.94,1085.36
0.12,300.38,651.94,1084.72
0.13,300.39,651.93,1084.08
0.14,300.39,651.93,1083.42
0.15,300.39,651.93,1082.76
0.16,300.4,651.92,1082.1
0.17,300.4,651.92,1081.42
0.18,300.41,651.92,1080.73
0.19,300.41,651.91,1080.04
0.2,300.41,651.91,1079.33
0.21,300.42,651.91,1078.61
0.22,300.42,651.91,1077.88
0.23,300.42,651.9,1077.14
0.24,300.43,651.9,1076.38
0.25,300.43,651.9,1075.61
0.26,300.43,651.89,1074.82
0.27,300.43,651.89,1074.01
0.28,300.44,651.89,1073.19
0.29,300.44,651.88,1072.35
0.3,300.44,651.88,1071.49
0.31,300.44,651.88,1070.61
0.32,300.45,651.87,1069.7
0.33,300.45,651.87,1068.77
0.34,300.45,651.87,1067.82
0.35,300.45,651.87,1066.83
0.36,300.45,651.86,1065.82
0.37,300.46,651.86,1064.78
0.38,300.46,651.86,1063.7
0.39,300.46,651.85,1062.59
0.4,300.46,651.85,1061.43
0.41,300.46,651.85,1060.23
0.42,300.46,651.84,1058.99
0.43,300.46,651.84,1057.7
0.44,300.46,651.84,1056.35
0.45,300.47,651.83,1054.95
0.46,300.47,651.83,1053.5
0.47,300.47,651.83,1051.98
0.48,300.47,651.83,1050.41
0.49,300.47,651.82,1048.78
0.5,300.47,651.82,1047.09
0.51,300.47,651.82,1045.34
0.52,300.46,651.81,1043.53
0.53,300.46,651.81,1041.67
0.54,300.46,651.81,1039.74
0.55,300.46,651.8,1037.77
0.56,300.46,651.8,1035.74
0.57,300.46,651.8,1033.67
0.58,300.46,651.79,1031.55
0.59,300.46,651.79,1029.39
0.6,300.45,651.79,1027.19
0.61,300.45,651.79,1024.96
0.62,300.45,651.78,1022.7
0.63,300.45,651.78,1020.42
0.64,300.44,651.78,1018.13
0.65,300.44,651.77,1015.82
0.66,300.44,651.77,1013.51
0.67,300.44,651.77,1011.2
0.68,300.43,651.76,1008.88
0.69,300.43,651.76,1006.58
0.7,300.42,651.76,1004.28
0.71,300.42,651.75,1002
0.72,300.42,651.75,999.74
0.73,300.41,651.75,997.49
0.74,300.41,651.75,995.27
0.75,300.4,651.74,993.07
0.76,300.4,651.74,990.89
0.77,300.39,651.74,988.73
0.78,300.39,651.73,986.58
0.79,300.38,651.73,984.46
0.8,300.37,651.73,982.36
0.81,300.37,651.72,980.27
0.82,300.36,651.72,978.2
0.83,300.35,651.72,976.15
0.84,300.35,651.71,974.11
0.85,300.34,651.71,972.08
0.86,300.33,651.71,970.08
0.87,300.32,651.71,968.08
0.88,300.32,651.7,966.1
0.89,300.31,651.7,964.14
0.9,300.3,651.7,962.19
0.91,300.29,651.69,960.25
0.92,300.28,651.69,958.32
0.93,300.27,651.69,956.41
0.94,300.27,651.68,954.5
0.95,300.26,651.68,952.61
0.96,300.25,651.68,950.73
0.97,300.24,651.67,948.86
0.98,300.23,651.67,947.01
0.99,300.22,651.67,945.16
1,300.21,651.67,943.33
1.01,300.2,651.66,941.5
1.02,300.19,651.66,939.68
1.03,300.18,651.66,937.88
1.04,300.17,651.65,936.08
1.05,300.16,651.65,934.29
1.06,300.15,651.65,932.52
1.07,300.14,651.64,930.75
1.08,300.14,651.64,928.99
1.09,300.13,651.64,927.24
1.1,300.12,651.63,925.49
1.11,300.11,651.63,923.76
1.12,300.1,651.63,922.03
1.13,300.09,651.63,920.31
1.14,300.08,651.62,918.6
1.15,300.07,651.62,916.9
1.16,300.06,651.62,915.21
1.17,300.05,651.61,913.52
1.18,300.05,651.61,911.84
1.19,300.04,651.61,910.17
1.2,300.03,651.6,908.5
1.21,300.02,651.6,906.84
1.22,300.01,651.6,905.19
1.23,300.01,651.59,903.55
1.24,300,651.59,901.91
1.25,299.99,651.59,900.28
1.26,299.98,651.59,898.66
1.27,299.98,651.58,897.04
1.28,299.97,651.58,895.43
1.29,299.97,651.58,893.83
1.3,299.96,651.57,892.24
1.31,299.95,651.57,890.65
1.32,299.95,651.57,889.06
1.33,299.94,651.56,887.49
1.34,299.94,651.56,885.92
1.35,299.93,651.56,884.36
1.36,299.93,651.55,882.8
1.37,299.93,651.55,881.26
1.38,299.92,651.55,879.71
1.39,299.92,651.54,878.18
1.4,299.92,651.54,876.65
1.41,299.92,651.54,875.13
1.42,299.91,651.54,873.62
1.43,299.91,651.53,872.11
1.44,299.91,651.53,870.61
1.45,299.91,651.53,869.11
1.46,299.91,651.52,867.63
1.47,299.91,651.52,866.15
1.48,299.91,651.52,864.67
1.49,299.91,651.51,863.21
1.5,299.91,651.51,861.75
1.51,299.91,651.51,860.29
1.52,299.91,651.5,858.85
1.53,299.92,651.5,857.41
1.54,299.92,651.5,855.98
1.55,299.92,651.5,854.56
1.56,299.93,651.49,853.14
1.57,299.93,651.49,851.73
1.58,299.94,651.49,850.33
1.59,299.94,651.48,848.93
1.6,299.95,651.48,847.54
1.61,299.96,651.48,846.16
1.62,299.96,651.47,844.79
1.63,299.97,651.47,843.43
1.64,299.98,651.47,842.07
1.65,299.99,651.46,840.72
1.66,300,651.46,839.38
1.67,300.01,651.46,838.04
1.68,300.02,651.46,836.72
1.69,300.03,651.45,835.4
1.7,300.04,651.45,834.09
1.71,300.05,651.45,832.78
1.72,300.06,651.44,831.49
1.73,300.08,651.44,830.2
1.74,300.09,651.44,828.93
1.75,300.11,651.43,827.66
1.76,300.12,651.43,826.4
1.77,300.14,651.43,825.15
1.78,300.15,651.42,823.9
1.79,300.17,651.42,822.67
1.8,300.19,651.42,821.44
1.81,300.21,651.42,820.23
1.82,300.23,651.41,819.02
1.83,300.25,651.41,817.83
1.84,300.27,651.41,816.64
1.85,300.29,651.4,815.46
1.86,300.31,651.4,814.29
1.87,300.33,651.4,813.13
1.88,300.36,651.39,811.99
1.89,300.38,651.39,810.85
1.9,300.41,651.39,809.72
1.91,300.43,651.38,808.61
1.92,300.46,651.38,807.5
1.93,300.48,651.38,806.41
1.94,300.51,651.38,805.33
1.95,300.54,651.37,804.25
1.96,300.57,651.37,803.19
1.97,300.6,651.37,802.14
1.98,300.63,651.36,801.1
1.99,300.66,651.36,800.07
2,300.69,651.36,799.06
2.01,300.73,651.35,798.05
2.02,300.76,651.35,797.06
2.03,300.79,651.35,796.07
2.04,300.83,651.34,795.1
2.05,300.86,651.34,794.14
2.06,300.9,651.34,793.19
2.07,300.94,651.34,792.25
2.08,300.97,651.33,791.32
2.09,301.01,651.33,790.4
2.1,301.05,651.33,789.49
2.11,301.09,651.32,788.59
2.12,301.13,651.32,787.7
2.13,301.17,651.32,786.82
2.14,301.21,651.31,785.96
2.15,301.26,651.31,785.1
2.16,301.3,651.31,784.25
2.17,301.34,651.3,783.41
2.18,301.39,651.3,782.58
2.19,301.43,651.3,781.76
2.2,301.48,651.3,780.95
2.21,301.52,651.29,780.15
2.22,301.57,651.29,779.36
2.23,301.62,651.29,778.57
2.24,301.67,651.28,777.8
2.25,301.72,651.28,777.03
2.26,301.77,651.28,776.27
2.27,301.82,651.27,775.52
2.28,301.87,651.27,774.78
2.29,301.92,651.27,774.05
2.3,301.97,651.26,773.32
2.31,302.03,651.26,772.6
2.32,302.08,651.26,771.89
2.33,302.14,651.26,771.18
2.34,302.19,651.25,770.49
2.35,302.25,651.25,769.8
2.36,302.31,651.25,769.11
2.37,302.37,651.24,768.44
2.38,302.42,651.24,767.77
2.39,302.48,651.24,767.1
2.4,302.54,651.23,766.45
2.41,302.61,651.23,765.8
2.42,302.67,651.23,765.15
2.43,302.73,651.22,764.51
2.44,302.79,651.22,763.88
2.45,302.86,651.22,763.25
2.46,302.92,651.22,762.63
2.47,302.99,651.21,762.02
2.48,303.05,651.21,761.4
2.49,303.12,651.21,760.8
2.5,303.19,651.2,760.2
2.51,303.26,651.2,759.6
2.52,303.33,651.2,759.01
2.53,303.4,651.19,758.43
2.54,303.47,651.19,757.85
2.55,303.54,651.19,757.27
2.56,303.61,651.18,756.7
2.57,303.69,651.18,756.13
2.58,303.76,651.18,755.57
2.59,303.84,651.18,755.01
2.6,303.91,651.17,754.45
2.61,303.99,651.17,753.9
2.62,304.07,651.17,753.36
2.63,304.15,651.16,752.82
2.64,304.23,651.16,752.28
2.65,304.31,651.16,751.74
2.66,304.39,651.15,751.21
2.67,304.47,651.15,750.68
2.68,304.55,651.15,750.16
2.69,304.64,651.14,749.63
2.7,304.72,651.14,749.12
2.71,304.81,651.14,748.6
2.72,304.89,651.14,748.09
2.73,304.98,651.13,747.58
2.74,305.07,651.13,747.07
2.75,305.16,651.13,746.57
2.76,305.25,651.12,746.07
2.77,305.34,651.12,745.57
2.78,305.43,651.12,745.08
2.79,305.52,651.11,744.59
2.8,305.62,651.11,744.1
2.81,305.71,651.11,743.61
2.82,305.81,651.1,743.13
2.83,305.91,651.1,742.65
2.84,306,651.1,742.17
2.85,306.1,651.1,741.69
2.86,306.2,651.09,741.22
2.87,306.3,651.09,740.74
2.88,306.41,651.09,740.27
2.89,306.51,651.08,739.81
2.9,306.61,651.08,739.34
2.91,306.72,651.08,738.88
2.92,306.83,651.07,738.42
2.93,306.94,651.07,737.96
2.94,307.04,651.07,737.51
2.95,307.15,651.06,737.05
2.96,307.27,651.06,736.6
2.97,307.38,651.06,736.15
2.98,307.49,651.06,735.7
2.99,307.61,651.05,735.26
3,307.72,651.05,734.81
3.01,307.84,651.05,734.37
3.02,307.96,651.04,733.93
3.03,308.08,651.04,733.49
3.04,308.21,651.04,733.06
3.05,308.33,651.03,732.62
3.06,308.45,651.03,732.19
3.07,308.58,651.03,731.76
3.08,308.71,651.02,731.33
3.09,308.84,651.02,730.91
3.1,308.97,651.02,730.48
3.11,309.1,651.02,730.06
3.12,309.24,651.01,729.64
3.13,309.37,651.01,729.22
3.14,309.51,651.01,728.8
3.15,309.65,651,728.38
3.16,309.79,651,727.97
3.17,309.94,651,727.56
3.18,310.08,650.99,727.15
3.19,310.23,650.99,726.74
3.2,310.38,650.99,726.33
3.21,310.53,650.98,725.92
3.22,310.68,650.98,725.52
3.23,310.84,650.98,725.12
3.24,310.99,650.98,724.72
3.25,311.15,650.97,724.32
3.26,311.31,650.97,723.92
3.27,311.48,650.97,723.52
3.28,311.64,650.96,723.13
3.29,311.81,650.96,722.74
3.3,311.98,650.96,722.35
3.31,312.16,650.95,721.96
3.32,312.33,650.95,721.57
3.33,312.51,650.95,721.18
3.34,312.69,650.94,720.8
3.35,312.87,650.94,720.41
3.36,313.06,650.94,720.03
3.37,313.24,650.94,719.65
3.38,313.43,650.93,719.27
3.39,313.63,650.93,718.89
3.4,313.82,650.93,718.52
3.41,314.02,650.92,718.14
3.42,314.22,650.92,717.77
3.43,314.43,650.92,717.4
3.44,314.63,650.91,717.03
3.45,314.84,650.91,716.66
3.46,315.06,650.91,716.3
3.47,315.27,650.9,715.93
3.48,315.49,650.9,715.57
3.49,315.71,650.9,715.2
3.5,315.94,650.9,714.84
3.51,316.17,650.89,714.48
3.52,316.4,650.89,714.13
3.53,316.64,650.89,713.77
3.54,316.87,650.88,713.42
3.55,317.12,650.88,713.06
3.56,317.36,650.88,712.71
3.57,317.61,650.87,712.36
3.58,317.86,650.87,712.01
3.59,318.12,650.87,711.67
3.6,318.38,650.86,711.32
3.61,318.65,650.86,710.98
3.62,318.91,650.86,710.63
3.63,319.19,650.86,710.29
3.64,319.46,650.85,709.95
3.65,319.74,650.85,709.62
3.66,320.03,650.85,709.28
3.67,320.31,650.84,708.94
3.68,320.61,650.84,708.61
3.69,320.9,650.84,708.28
3.7,321.21,650.83,707.95
3.71,321.51,650.83,707.62
3.72,321.82,650.83,707.29
3.73,322.13,650.82,706.97
3.74,322.45,650.82,706.64
3.75,322.78,650.82,706.32
3.76,323.11,650.82,706
3.77,323.44,650.81,705.68
3.78,323.78,650.81,705.36
3.79,324.12,650.81,705.05
3.8,324.47,650.8,704.73
3.81,324.82,650.8,704.42
3.82,325.18,650.8,704.11
3.83,325.54,650.79,703.8
3.84,325.91,650.79,703.49
3.85,326.28,650.79,703.19
3.86,326.66,650.78,702.88
3.87,327.05,650.78,702.58
3.88,327.44,650.78,702.28
3.89,327.83,650.78,701.98
3.9,328.23,650.77,701.68
3.91,328.64,650.77,701.39
3.92,329.05,650.77,701.1
3.93,329.47,650.76,700.8
3.94,329.89,650.76,700.51
3.95,330.32,650.76,700.23
3.96,330.76,650.75,699.94
3.97,331.2,650.75,699.65
3.98,331.65,650.75,699.37
3.99,332.1,650.74,699.09
4,332.56,650.74,698.81
4.01,333.03,650.74,698.53
4.02,333.5,650.74,698.26
4.03,333.97,650.73,697.99
4.04,334.46,650.73,697.71
4.05,334.95,650.73,697.44
4.06,335.44,650.72,697.18
4.07,335.94,650.72,696.91
4.08,336.45,650.72,696.65
4.09,336.96,650.71,696.38
4.1,337.48,650.71,696.12
4.11,338.01,650.71,695.87
4.12,338.54,650.7,695.61
4.13,339.07,650.7,695.36
4.14,339.62,650.7,695.1
4.15,340.16,650.7,694.85
4.16,340.72,650.69,694.6
4.17,341.28,650.69,694.36
4.18,341.85,650.69,694.11
4.19,342.42,650.68,693.87
4.2,342.99,650.68,693.63
4.21,343.58,650.68,693.39
4.22,344.17,650.67,693.15
4.23,344.76,650.67,692.92
4.24,345.36,650.67,692.69
4.25,345.97,650.66,692.46
4.26,346.58,650.66,692.23
4.27,347.19,650.66,692
4.28,347.82,650.66,691.77
4.29,348.44,650.65,691.55
4.3,349.08,650.65,691.33
4.31,349.71,650.65,691.11
4.32,350.36,650.64,690.89
4.33,351,650.64,690.67
4.34,351.66,650.64,690.46
4.35,352.31,650.63,690.25
4.36,352.97,650.63,690.04
4.37,353.64,650.63,689.83
4.38,354.31,650.62,689.62
4.39,354.99,650.62,689.42
4.4,355.67,650.62,689.22
4.41,356.36,650.62,689.01
4.42,357.05,650.61,688.81
4.43,357.74,650.61,688.62
4.44,358.44,650.61,688.42
4.45,359.14,650.6,688.23
4.46,359.85,650.6,688.04
4.47,360.56,650.6,687.84
4.48,361.28,650.59,687.66
4.49,361.99,650.59,687.47
4.5,362.72,650.59,687.28
4.51,363.44,650.58,687.1
4.52,364.17,650.58,686.92
4.53,364.91,650.58,686.74
4.54,365.65,650.58,686.56
4.55,366.39,650.57,686.38
4.56,367.13,650.57,686.2
4.57,367.88,650.57,686.03
4.58,368.63,650.56,685.86
4.59,369.38,650.56,685.69
4.6,370.13,650.56,685.52
4.61,370.89,650.55,685.35
4.62,371.65,650.55,685.18
4.63,372.42,650.55,685.02
4.64,373.18,650.54,684.85
4.65,373.95,650.54,684.69
4.66,374.72,650.54,684.53
4.67,375.49,650.54,684.37
4.68,376.26,650.53,684.21
4.69,377.04,650.53,684.06
4.7,377.82,650.53,683.9
4.71,378.6,650.52,683.75
4.72,379.38,650.52,683.6
4.73,380.16,650.52,683.45
4.74,380.94,650.51,683.3
4.75,381.73,650.51,683.15
4.76,382.52,650.51,683
4.77,383.31,650.5,682.85
4.78,384.1,650.5,682.71
4.79,384.89,650.5,682.56
4.8,385.68,650.5,682.42
4.81,386.47,650.49,682.28
4.82,387.26,650.49,682.14
4.83,388.06,650.49,682
4.84,388.86,650.48,681.86
4.85,389.65,650.48,681.73
4.86,390.45,650.48,681.59
4.87,391.25,650.47,681.46
4.88,392.05,650.47,681.32
4.89,392.84,650.47,681.19
4.9,393.64,650.46,681.06
4.91,394.44,650.46,680.93
4.92,395.25,650.46,680.8
4.93,396.05,650.46,680.67
4.94,396.85,650.45,680.54
4.95,397.65,650.45,680.41
4.96,398.45,650.45,680.29
4.97,399.25,650.44,680.16
4.98,400.06,650.44,680.04
4.99,400.86,650.44,679.91
5,401.66,650.43,679.79
5.01,402.46,650.43,679.67
5.02,403.26,650.43,679.55
5.03,404.07,650.42,679.43
5.04,404.87,650.42,679.31
5.05,405.67,650.42,679.19
5.06,406.47,650.42,679.07
5.07,407.27,650.41,678.95
5.08,408.07,650.41,678.84
5.09,408.87,650.41,678.72
5.1,409.67,650.4,678.6
5.11,410.47,650.4,678.49
5.12,411.27,650.4,678.38
5.13,412.07,650.39,678.26
5.14,412.86,650.39,678.15
5.15,413.66,650.39,678.04
5.16,414.45,650.38,677.93
5.17,415.25,650.38,677.81
5.18,416.04,650.38,677.7
5.19,416.84,650.38,677.59
5.2,417.63,650.37,677.48
5.21,418.42,650.37,677.38
5.22,419.21,650.37,677.27
5.23,420,650.36,677.16
5.24,420.79,650.36,677.05
5.25,421.58,650.36,676.95
5.26,422.36,650.35,676.84
5.27,423.15,650.35,676.73
5.28,423.93,650.35,676.63
5.29,424.71,650.34,676.52
5.3,425.49,650.34,676.42
5.31,426.27,650.34,676.32
5.32,427.05,650.33,676.21
5.33,427.83,650.33,676.11
5.34,428.6,650.33,676.01
5.35,429.38,650.33,675.9
5.36,430.15,650.32,675.8
5.37,430.92,650.32,675.7
5.38,431.69,650.32,675.6
5.39,432.45,650.31,675.5
5.4,433.22,650.31,675.4
5.41,433.98,650.31,675.3
5.42,434.74,650.3,675.2
5.43,435.5,650.3,675.1
5.44,436.26,650.3,675
5.45,437.02,650.29,674.9
5.46,437.77,650.29,674.8
5.47,438.52,650.29,674.7
5.48,439.27,650.29,674.61
5.49,440.02,650.28,674.51
5.5,440.77,650.28,674.41
5.51,441.51,650.28,674.32
5.52,442.26,650.27,674.22
5.53,443,650.27,674.12
5.54,443.74,650.27,674.03
5.55,444.48,650.26,673.93
5.56,445.21,650.26,673.84
5.57,445.95,650.26,673.74
5.58,446.68,650.25,673.65
5.59,447.41,650.25,673.55
5.6,448.14,650.25,673.46
5.61,448.86,650.25,673.36
5.62,449.59,650.24,673.27
5.63,450.31,650.24,673.17
5.64,451.04,650.24,673.08
5.65,451.76,650.23,672.99
5.66,452.48,650.23,672.89
5.67,453.19,650.23,672.8
5.68,453.91,650.22,672.71
5.69,454.62,650.22,672.62
5.7,455.33,650.22,672.52
5.71,456.05,650.21,672.43
5.72,456.75,650.21,672.34
5.73,457.46,650.21,672.25
5.74,458.17,650.21,672.16
5.75,458.87,650.2,672.07
5.76,459.57,650.2,671.97
5.77,460.27,650.2,671.88
5.78,460.97,650.19,671.79
5.79,461.67,650.19,671.7
5.8,462.37,650.19,671.61
5.81,463.06,650.18,671.52
5.82,463.76,650.18,671.43
5.83,464.45,650.18,671.34
5.84,465.14,650.17,671.25
5.85,465.83,650.17,671.16
5.86,466.51,650.17,671.07
5.87,467.2,650.17,670.98
5.88,467.88,650.16,670.89
5.89,468.56,650.16,670.8
5.9,469.24,650.16,670.71
5.91,469.92,650.15,670.62
5.92,470.6,650.15,670.53
5.93,471.28,650.15,670.44
5.94,471.95,650.14,670.36
5.95,472.63,650.14,670.27
5.96,473.3,650.14,670.18
5.97,473.97,650.13,670.09
5.98,474.64,650.13,670
5.99,475.31,650.13,669.91
6,475.97,650.13,669.82
6.01,476.64,650.12,669.73
6.02,477.3,650.12,669.65
6.03,477.96,650.12,669.56
6.04,478.62,650.11,669.47
6.05,479.28,650.11,669.38
6.06,479.94,650.11,669.29
6.07,480.6,650.1,669.2
6.08,481.25,650.1,669.12
6.09,481.91,650.1,669.03
6.1,482.56,650.09,668.94
6.11,483.21,650.09,668.85
6.12,483.86,650.09,668.76
6.13,484.51,650.09,668.67
6.14,485.16,650.08,668.59
6.15,485.8,650.08,668.5
6.16,486.45,650.08,668.41
6.17,487.09,650.07,668.32
6.18,487.74,650.07,668.23
6.19,488.38,650.07,668.14
6.2,489.02,650.06,668.06
6.21,489.65,650.06,667.97
6.22,490.29,650.06,667.88
6.23,490.93,650.05,667.79
6.24,491.56,650.05,667.7
6.25,492.2,650.05,667.61
6.26,492.83,650.05,667.53
6.27,493.46,650.04,667.44
6.28,494.09,650.04,667.35
6.29,494.72,650.04,667.26
6.3,495.35,650.03,667.17
6.31,495.97,650.03,667.08
6.32,496.6,650.03,666.99
6.33,497.22,650.02,666.9
6.34,497.85,650.02,666.81
6.35,498.47,650.02,666.72
6.36,499.09,650.01,666.63
6.37,499.71,650.01,666.54
6.38,500.33,650.01,666.45
6.39,500.94,650.01,666.36
6.4,501.56,650,666.27
6.41,502.17,650,666.18
6.42,502.79,650,666.09
6.43,503.4,649.99,666
6.44,504.01,649.99,665.91
6.45,504.62,649.99,665.82
6.46,505.23,649.98,665.73
6.47,505.84,649.98,665.64
6.48,506.45,649.98,665.55
6.49,507.05,649.97,665.45
6.5,507.66,649.97,665.36
6.51,508.26,649.97,665.27
6.52,508.87,649.97,665.18
6.53,509.47,649.96,665.08
6.54,510.07,649.96,664.99
6.55,510.66,649.96,664.9
6.56,511.26,649.95,664.8
6.57,511.86,649.95,664.71
6.58,512.45,649.95,664.62
6.59,513.05,649.94,664.52
6.6,513.64,649.94,664.43
6.61,514.23,649.94,664.33
6.62,514.82,649.93,664.23
6.63,515.41,649.93,664.14
6.64,515.99,649.93,664.04
6.65,516.58,649.93,663.94
6.66,517.16,649.92,663.85
6.67,517.75,649.92,663.75
6.68,518.33,649.92,663.65
6.69,518.91,649.91,663.55
6.7,519.49,649.91,663.46
6.71,520.07,649.91,663.36
6.72,520.64,649.9,663.26
6.73,521.22,649.9,663.16
6.74,521.79,649.9,663.06
6.75,522.36,649.89,662.96
6.76,522.93,649.89,662.86
6.77,523.5,649.89,662.77
6.78,524.07,649.89,662.67
6.79,524.64,649.88,662.57
6.8,525.2,649.88,662.47
6.81,525.77,649.88,662.37
6.82,526.33,649.87,662.27
6.83,526.89,649.87,662.17
6.84,527.45,649.87,662.07
6.85,528.01,649.86,661.98
6.86,528.57,649.86,661.88
6.87,529.12,649.86,661.78
6.88,529.68,649.85,661.68
6.89,530.23,649.85,661.59
6.9,530.78,649.85,661.49
6.91,531.33,649.85,661.39
6.92,531.88,649.84,661.3
6.93,532.43,649.84,661.2
6.94,532.97,649.84,661.11
6.95,533.52,649.83,661.01
6.96,534.06,649.83,660.92
6.97,534.6,649.83,660.82
6.98,535.14,649.82,660.73
6.99,535.68,649.82,660.64
7,536.22,649.82,660.55
7.01,536.75,649.81,660.46
7.02,537.29,649.81,660.37
7.03,537.82,649.81,660.28
7.04,538.35,649.81,660.19
7.05,538.88,649.8,660.1
7.06,539.41,649.8,660.01
7.07,539.94,649.8,659.92
7.08,540.46,649.79,659.84
7.09,540.99,649.79,659.75
7.1,541.51,649.79,659.66
7.11,542.03,649.78,659.58
7.12,542.55,649.78,659.5
7.13,543.07,649.78,659.41
7.14,543.59,649.77,659.33
7.15,544.1,649.77,659.25
7.16,544.62,649.77,659.17
7.17,545.13,649.77,659.09
7.18,545.64,649.76,659.01
7.19,546.15,649.76,658.93
7.2,546.66,649.76,658.86
7.21,547.17,649.75,658.78
7.22,547.68,649.75,658.7
7.23,548.18,649.75,658.63
7.24,548.68,649.74,658.56
7.25,549.19,649.74,658.48
7.26,549.69,649.74,658.41
7.27,550.19,649.73,658.34
7.28,550.68,649.73,658.27
7.29,551.18,649.73,658.2
7.3,551.67,649.73,658.13
7.31,552.17,649.72,658.06
7.32,552.66,649.72,657.99
7.33,553.15,649.72,657.92
7.34,553.64,649.71,657.86
7.35,554.13,649.71,657.79
7.36,554.62,649.71,657.73
7.37,555.1,649.7,657.66
7.38,555.59,649.7,657.6
7.39,556.07,649.7,657.54
7.4,556.55,649.69,657.48
7.41,557.03,649.69,657.41
7.42,557.51,649.69,657.35
7.43,557.99,649.69,657.29
7.44,558.46,649.68,657.24
7.45,558.94,649.68,657.18
7.46,559.41,649.68,657.12
7.47,559.88,649.67,657.06
7.48,560.35,649.67,657.01
7.49,560.82,649.67,656.95
7.5,561.29,649.66,656.9
7.51,561.76,649.66,656.84
7.52,562.22,649.66,656.79
7.53,562.68,649.65,656.73
7.54,563.15,649.65,656.68
7.55,563.61,649.65,656.63
7.56,564.06,649.65,656.58
7.57,564.52,649.64,656.53
7.58,564.98,649.64,656.48
7.59,565.43,649.64,656.43
7.6,565.88,649.63,656.38
7.61,566.34,649.63,656.33
7.62,566.79,649.63,656.28
7.63,567.23,649.62,656.24
7.64,567.68,649.62,656.19
7.65,568.12,649.62,656.14
7.66,568.57,649.61,656.1
7.67,569.01,649.61,656.05
7.68,569.45,649.61,656.01
7.69,569.89,649.61,655.97
7.7,570.32,649.6,655.92
7.71,570.76,649.6,655.88
7.72,571.19,649.6,655.84
7.73,571.62,649.59,655.79
7.74,572.05,649.59,655.75
7.75,572.48,649.59,655.71
7.76,572.91,649.58,655.67
7.77,573.33,649.58,655.63
7.78,573.76,649.58,655.59
7.79,574.18,649.57,655.55
7.8,574.6,649.57,655.51
7.81,575.01,649.57,655.47
7.82,575.43,649.57,655.44
7.83,575.84,649.56,655.4
7.84,576.25,649.56,655.36
7.85,576.66,649.56,655.33
7.86,577.07,649.55,655.29
7.87,577.48,649.55,655.25
7.88,577.88,649.55,655.22
7.89,578.29,649.54,655.18
7.9,578.69,649.54,655.15
7.91,579.09,649.54,655.11
7.92,579.48,649.53,655.08
7.93,579.88,649.53,655.05
7.94,580.27,649.53,655.01
7.95,580.66,649.53,654.98
7.96,581.05,649.52,654.95
7.97,581.44,649.52,654.92
7.98,581.82,649.52,654.88
7.99,582.21,649.51,654.85
8,582.59,649.51,654.82
8.01,582.97,649.51,654.79
8.02,583.35,649.5,654.76
8.03,583.72,649.5,654.73
8.04,584.09,649.5,654.7
8.05,584.47,649.49,654.67
8.06,584.84,649.49,654.64
8.07,585.2,649.49,654.61
8.08,585.57,649.49,654.59
8.09,585.93,649.48,654.56
8.1,586.29,649.48,654.53
8.11,586.65,649.48,654.5
8.12,587.01,649.47,654.48
8.13,587.36,649.47,654.45
8.14,587.71,649.47,654.42
8.15,588.07,649.46,654.4
8.16,588.41,649.46,654.37
8.17,588.76,649.46,654.34
8.18,589.1,649.45,654.32
8.19,589.45,649.45,654.29
8.2,589.79,649.45,654.27
8.21,590.12,649.45,654.24
8.22,590.46,649.44,654.22
8.23,590.79,649.44,654.2
8.24,591.12,649.44,654.17
8.25,591.45,649.43,654.15
8.26,591.78,649.43,654.12
8.27,592.1,649.43,654.1
8.28,592.42,649.42,654.08
8.29,592.74,649.42,654.06
8.3,593.06,649.42,654.03
8.31,593.38,649.41,654.01
8.32,593.69,649.41,653.99
8.33,594,649.41,653.97
8.34,594.31,649.41,653.95
8.35,594.61,649.4,653.93
8.36,594.92,649.4,653.9
8.37,595.22,649.4,653.88
8.38,595.52,649.39,653.86
8.39,595.81,649.39,653.84
8.4,596.11,649.39,653.82
8.41,596.4,649.38,653.8
8.42,596.69,649.38,653.78
8.43,596.98,649.38,653.76
8.44,597.26,649.37,653.74
8.45,597.54,649.37,653.72
8.46,597.82,649.37,653.7
8.47,598.1,649.37,653.69
8.48,598.38,649.36,653.67
8.49,598.65,649.36,653.65
8.5,598.92,649.36,653.63
8.51,599.19,649.35,653.61
8.52,599.45,649.35,653.59
8.53,599.72,649.35,653.58
8.54,599.98,649.34,653.56
8.55,600.24,649.34,653.54
8.56,600.49,649.34,653.52
8.57,600.74,649.33,653.51
8.58,600.99,649.33,653.49
8.59,601.24,649.33,653.47
8.6,601.49,649.33,653.46
8.61,601.73,649.32,653.44
8.62,601.97,649.32,653.42
8.63,602.21,649.32,653.41
8.64,602.44,649.31,653.39
8.65,602.68,649.31,653.37
8.66,602.91,649.31,653.36
8.67,603.13,649.3,653.34
8.68,603.36,649.3,653.33
8.69,603.58,649.3,653.31
8.7,603.8,649.29,653.3
8.71,604.02,649.29,653.28
8.72,604.23,649.29,653.27
8.73,604.45,649.29,653.25
8.74,604.66,649.28,653.24
8.75,604.86,649.28,653.22
8.76,605.07,649.28,653.21
8.77,605.27,649.27,653.19
8.78,605.47,649.27,653.18
8.79,605.67,649.27,653.16
8.8,605.87,649.26,653.15
8.81,606.06,649.26,653.14
8.82,606.25,649.26,653.12
8.83,606.44,649.25,653.11
8.84,606.63,649.25,653.09
8.85,606.81,649.25,653.08
8.86,607,649.25,653.07
8.87,607.18,649.24,653.05
8.88,607.36,649.24,653.04
8.89,607.54,649.24,653.03
8.9,607.71,649.23,653.01
8.91,607.88,649.23,653
8.92,608.06,649.23,652.99
8.93,608.23,649.22,652.98
8.94,608.39,649.22,652.96
8.95,608.56,649.22,652.95
8.96,608.72,649.21,652.94
8.97,608.89,649.21,652.93
8.98,609.05,649.21,652.91
8.99,609.21,649.21,652.9
9,609.36,649.2,652.89
9.01,609.52,649.2,652.88
9.02,609.67,649.2,652.87
9.03,609.83,649.19,652.85
9.04,609.98,649.19,652.84
9.05,610.13,649.19,652.83
9.06,610.28,649.18,652.82
9.07,610.42,649.18,652.81
9.08,610.57,649.18,652.8
9.09,610.71,649.17,652.78
9.1,610.85,649.17,652.77
9.11,610.99,649.17,652.76
9.12,611.13,649.17,652.75
9.13,611.27,649.16,652.74
9.14,611.41,649.16,652.73
9.15,611.55,649.16,652.72
9.16,611.68,649.15,652.71
9.17,611.81,649.15,652.7
9.18,611.94,649.15,652.69
9.19,612.08,649.14,652.68
9.2,612.2,649.14,652.66
9.21,612.33,649.14,652.65
9.22,612.46,649.13,652.64
9.23,612.59,649.13,652.63
9.24,612.71,649.13,652.62
9.25,612.84,649.13,652.61
9.26,612.96,649.12,652.6
9.27,613.08,649.12,652.59
9.28,613.2,649.12,652.58
9.29,613.32,649.11,652.57
9.3,613.44,649.11,652.56
9.31,613.56,649.11,652.55
9.32,613.68,649.1,652.54
9.33,613.79,649.1,652.53
9.34,613.91,649.1,652.52
9.35,614.02,649.09,652.52
9.36,614.14,649.09,652.51
9.37,614.25,649.09,652.5
9.38,614.36,649.08,652.49
9.39,614.48,649.08,652.48
9.4,614.59,649.08,652.47
9.41,614.7,649.08,652.46
9.42,614.81,649.07,652.45
9.43,614.92,649.07,652.44
9.44,615.03,649.07,652.43
9.45,615.13,649.06,652.42
9.46,615.24,649.06,652.42
9.47,615.35,649.06,652.41
9.48,615.45,649.05,652.4
9.49,615.56,649.05,652.39
9.5,615.67,649.05,652.38
9.51,615.77,649.04,652.37
9.52,615.88,649.04,652.36
9.53,615.98,649.04,652.35
9.54,616.08,649.04,652.35
9.55,616.19,649.03,652.34
9.56,616.29,649.03,652.33
9.57,616.39,649.03,652.32
9.58,616.5,649.02,652.31
9.59,616.6,649.02,652.31
9.6,616.7,649.02,652.3
9.61,616.8,649.01,652.29
9.62,616.91,649.01,652.28
9.63,617.01,649.01,652.27
9.64,617.11,649,652.27
9.65,617.21,649,652.26
9.66,617.31,649,652.25
9.67,617.41,649,652.24
9.68,617.52,648.99,652.23
9.69,617.62,648.99,652.23
9.7,617.72,648.99,652.22
9.71,617.82,648.98,652.21
9.72,617.92,648.98,652.2
9.73,618.02,648.98,652.2
9.74,618.13,648.97,652.19
9.75,618.23,648.97,652.18
9.76,618.33,648.97,652.17
9.77,618.43,648.96,652.17
9.78,618.54,648.96,652.16
9.79,618.64,648.96,652.15
9.8,618.74,648.96,652.14
9.81,618.85,648.95,652.14
9.82,618.95,648.95,652.13
9.83,619.06,648.95,652.12
9.84,619.16,648.94,652.12
9.85,619.27,648.94,652.11
9.86,619.37,648.94,652.1
9.87,619.48,648.93,652.1
9.88,619.59,648.93,652.09
9.89,619.7,648.93,652.08
9.9,619.81,648.92,652.08
9.91,619.91,648.92,652.07
9.92,620.02,648.92,652.06
9.93,620.13,648.92,652.05
9.94,620.25,648.91,652.05
9.95,620.36,648.91,652.04
9.96,620.47,648.91,652.04
9.97,620.59,648.9,652.03
9.98,620.7,648.9,652.02
9.99,620.82,648.9,652.02
10,620.93,648.89,652.01
10.01,621.05,648.89,652
10.02,621.17,648.89,652
10.03,621.29,648.88,651.99
10.04,621.41,648.88,651.98
10.05,621.53,648.88,651.98
10.06,621.65,648.88,651.97
10.07,621.78,648.87,651.96
10.08,621.9,648.87,651.96
10.09,622.03,648.87,651.95
10.1,622.16,648.86,651.95
10.11,622.28,648.86,651.94
10.12,622.41,648.86,651.93
10.13,622.54,648.85,651.93
10.14,622.67,648.85,651.92
10.15,622.8,648.85,651.92
10.16,622.94,648.84,651.91
10.17,623.07,648.84,651.9
10.18,623.2,648.84,651.9
10.19,623.34,648.84,651.89
10.2,623.47,648.83,651.89
10.21,623.61,648.83,651.88
10.22,623.75,648.83,651.88
10.23,623.89,648.82,651.87
10.24,624.03,648.82,651.86
10.25,624.17,648.82,651.86
10.26,624.31,648.81,651.85
10.27,624.45,648.81,651.85
10.28,624.59,648.81,651.84
10.29,624.73,648.8,651.84
10.3,624.88,648.8,651.83
10.31,625.02,648.8,651.82
10.32,625.17,648.8,651.82
10.33,625.31,648.79,651.81
10.34,625.46,648.79,651.81
10.35,625.6,648.79,651.8
10.36,625.75,648.78,651.8
10.37,625.9,648.78,651.79
10.38,626.05,648.78,651.79
10.39,626.2,648.77,651.78
10.4,626.35,648.77,651.78
10.41,626.5,648.77,651.77
10.42,626.65,648.76,651.77
10.43,626.8,648.76,651.76
10.44,626.95,648.76,651.76
10.45,627.1,648.76,651.75
10.46,627.25,648.75,651.75
10.47,627.4,648.75,651.74
10.48,627.56,648.75,651.74
10.49,627.71,648.74,651.73
10.5,627.86,648.74,651.72
10.51,628.02,648.74,651.72
10.52,628.17,648.73,651.71
10.53,628.32,648.73,651.71
10.54,628.48,648.73,651.7
10.55,628.63,648.72,651.7
10.56,628.79,648.72,651.69
10.57,628.94,648.72,651.69
10.58,629.1,648.72,651.69
10.59,629.25,648.71,651.68
10.6,629.41,648.71,651.68
10.61,629.56,648.71,651.67
10.62,629.72,648.7,651.67
10.63,629.87,648.7,651.66
10.64,630.03,648.7,651.66
10.65,630.18,648.69,651.65
10.66,630.34,648.69,651.65
10.67,630.49,648.69,651.64
10.68,630.65,648.68,651.64
10.69,630.8,648.68,651.63
10.7,630.96,648.68,651.63
10.71,631.11,648.68,651.62
10.72,631.27,648.67,651.62
10.73,631.42,648.67,651.61
10.74,631.57,648.67,651.61
10.75,631.73,648.66,651.6
10.76,631.88,648.66,651.6
10.77,632.03,648.66,651.6
10.78,632.19,648.65,651.59
10.79,632.34,648.65,651.59
10.8,632.49,648.65,651.58
10.81,632.64,648.64,651.58
10.82,632.79,648.64,651.57
10.83,632.94,648.64,651.57
10.84,633.09,648.64,651.56
10.85,633.24,648.63,651.56
10.86,633.39,648.63,651.56
10.87,633.53,648.63,651.55
10.88,633.68,648.62,651.55
10.89,633.83,648.62,651.54
10.9,633.97,648.62,651.54
10.91,634.12,648.61,651.53
10.92,634.26,648.61,651.53
10.93,634.4,648.61,651.53
10.94,634.55,648.6,651.52
10.95,634.69,648.6,651.52
10.96,634.83,648.6,651.51
10.97,634.97,648.6,651.51
10.98,635.11,648.59,651.5
10.99,635.24,648.59,651.5
11,635.38,648.59,651.5
11.01,635.52,648.58,651.49
11.02,635.65,648.58,651.49
11.03,635.78,648.58,651.48
11.04,635.92,648.57,651.48
11.05,636.05,648.57,651.47
11.06,636.18,648.57,651.47
11.07,636.31,648.56,651.47
11.08,636.43,648.56,651.46
11.09,636.56,648.56,651.46
11.1,636.68,648.56,651.45
11.11,636.81,648.55,651.45
11.12,636.93,648.55,651.45
11.13,637.05,648.55,651.44
11.14,637.17,648.54,651.44
11.15,637.29,648.54,651.43
11.16,637.4,648.54,651.43
11.17,637.52,648.53,651.43
11.18,637.63,648.53,651.42
11.19,637.74,648.53,651.42
11.2,637.85,648.52,651.41
11.21,637.96,648.52,651.41
11.22,638.07,648.52,651.41
11.23,638.17,648.52,651.4
11.24,638.28,648.51,651.4
11.25,638.38,648.51,651.39
11.26,638.48,648.51,651.39
11.27,638.58,648.5,651.39
11.28,638.68,648.5,651.38
11.29,638.78,648.5,651.38
11.3,638.87,648.49,651.37
11.31,638.97,648.49,651.37
11.32,639.06,648.49,651.37
11.33,639.15,648.48,651.36
11.34,639.25,648.48,651.36
11.35,639.34,648.48,651.35
11.36,639.42,648.48,651.35
11.37,639.51,648.47,651.35
11.38,639.6,648.47,651.34
11.39,639.68,648.47,651.34
11.4,639.77,648.46,651.34
11.41,639.85,648.46,651.33
11.42,639.93,648.46,651.33
11.43,640.01,648.45,651.32
11.44,640.09,648.45,651.32
11.45,640.17,648.45,651.32
11.46,640.25,648.44,651.31
11.47,640.33,648.44,651.31
11.48,640.4,648.44,651.3
11.49,640.48,648.44,651.3
11.5,640.55,648.43,651.3
11.51,640.62,648.43,651.29
11.52,640.7,648.43,651.29
11.53,640.77,648.42,651.29
11.54,640.84,648.42,651.28
11.55,640.91,648.42,651.28
11.56,640.97,648.41,651.27
11.57,641.04,648.41,651.27
11.58,641.11,648.41,651.27
11.59,641.17,648.4,651.26
11.6,641.24,648.4,651.26
11.61,641.3,648.4,651.26
11.62,641.37,648.4,651.25
11.63,641.43,648.39,651.25
11.64,641.49,648.39,651.24
11.65,641.55,648.39,651.24
11.66,641.61,648.38,651.24
11.67,641.67,648.38,651.23
11.68,641.73,648.38,651.23
11.69,641.79,648.37,651.23
11.7,641.85,648.37,651.22
11.71,641.91,648.37,651.22
11.72,641.96,648.36,651.21
11.73,642.02,648.36,651.21
11.74,642.07,648.36,651.21
11.75,642.13,648.36,651.2
11.76,642.18,648.35,651.2
11.77,642.24,648.35,651.2
11.78,642.29,648.35,651.19
11.79,642.35,648.34,651.19
11.8,642.4,648.34,651.18
11.81,642.45,648.34,651.18
11.82,642.5,648.33,651.18
11.83,642.55,648.33,651.17
11.84,642.61,648.33,651.17
11.85,642.66,648.32,651.17
11.86,642.71,648.32,651.16
11.87,642.76,648.32,651.16
11.88,642.81,648.32,651.16
11.89,642.86,648.31,651.15
11.9,642.91,648.31,651.15
11.91,642.96,648.31,651.14
11.92,643.01,648.3,651.14
11.93,643.06,648.3,651.14
11.94,643.11,648.3,651.13
11.95,643.16,648.29,651.13
11.96,643.21,648.29,651.13
11.97,643.26,648.29,651.12
11.98,643.31,648.28,651.12
11.99,643.37,648.28,651.11
12,643.42,648.28,651.11
12.01,643.47,648.28,651.11
12.02,643.52,648.27,651.1
12.03,643.58,648.27,651.1
12.04,643.63,648.27,651.1
12.05,643.68,648.26,651.09
12.06,643.74,648.26,651.09
12.07,643.8,648.26,651.08
12.08,643.85,648.25,651.08
12.09,643.91,648.25,651.08
12.1,643.97,648.25,651.07
12.11,644.03,648.24,651.07
12.12,644.09,648.24,651.07
12.13,644.16,648.24,651.06
12.14,644.22,648.24,651.06
12.15,644.28,648.23,651.05
12.16,644.35,648.23,651.05
12.17,644.41,648.23,651.05
12.18,644.48,648.22,651.04
12.19,644.54,648.22,651.04
12.2,644.6,648.22,651.04
12.21,644.67,648.21,651.03
12.22,644.73,648.21,651.03
12.23,644.79,648.21,651.02
12.24,644.84,648.2,651.02
12.25,644.9,648.2,651.02
12.26,644.96,648.2,651.01
12.27,645.01,648.2,651.01
12.28,645.07,648.19,651.01
12.29,645.12,648.19,651
12.3,645.17,648.19,651
12.31,645.22,648.18,650.99
12.32,645.27,648.18,650.99
12.33,645.31,648.18,650.99
12.34,645.36,648.17,650.98
12.35,645.4,648.17,650.98
12.36,645.44,648.17,650.98
12.37,645.49,648.16,650.97
12.38,645.53,648.16,650.97
12.39,645.56,648.16,650.96
12.4,645.6,648.16,650.96
12.41,645.64,648.15,650.96
12.42,645.68,648.15,650.95
12.43,645.71,648.15,650.95
12.44,645.74,648.14,650.94
12.45,645.78,648.14,650.94
12.46,645.81,648.14,650.94
12.47,645.84,648.13,650.93
12.48,645.87,648.13,650.93
12.49,645.9,648.13,650.92
12.5,645.93,648.12,650.92
12.51,645.96,648.12,650.92
12.52,645.98,648.12,650.91
12.53,646.01,648.12,650.91
12.54,646.04,648.11,650.9
12.55,646.06,648.11,650.9
12.56,646.09,648.11,650.9
12.57,646.11,648.1,650.89
12.58,646.14,648.1,650.89
12.59,646.16,648.1,650.88
12.6,646.18,648.09,650.88
12.61,646.2,648.09,650.88
12.62,646.22,648.09,650.87
12.63,646.25,648.08,650.87
12.64,646.27,648.08,650.86
12.65,646.29,648.08,650.86
12.66,646.31,648.08,650.86
12.67,646.33,648.07,650.85
12.68,646.34,648.07,650.85
12.69,646.36,648.07,650.84
12.7,646.38,648.06,650.84
12.71,646.4,648.06,650.84
12.72,646.42,648.06,650.83
12.73,646.43,648.05,650.83
12.74,646.45,648.05,650.82
12.75,646.47,648.05,650.82
12.76,646.48,648.04,650.81
12.77,646.5,648.04,650.81
12.78,646.51,648.04,650.81
12.79,646.53,648.04,650.8
12.8,646.54,648.03,650.8
12.81,646.56,648.03,650.79
12.82,646.57,648.03,650.79
12.83,646.58,648.02,650.78
12.84,646.6,648.02,650.78
12.85,646.61,648.02,650.78
12.86,646.62,648.01,650.77
12.87,646.64,648.01,650.77
12.88,646.65,648.01,650.76
12.89,646.66,648,650.76
12.9,646.67,648,650.76
12.91,646.69,648,650.75
12.92,646.7,648,650.75
12.93,646.71,647.99,650.74
12.94,646.72,647.99,650.74
12.95,646.73,647.99,650.73
12.96,646.74,647.98,650.73
12.97,646.75,647.98,650.73
12.98,646.76,647.98,650.72
12.99,646.77,647.97,650.72
13,646.78,647.97,650.71
13.01,646.79,647.97,650.71
13.02,646.8,647.96,650.7
13.03,646.81,647.96,650.7
13.04,646.82,647.96,650.69
13.05,646.83,647.96,650.69
13.06,646.84,647.95,650.69
13.07,646.85,647.95,650.68
13.08,646.86,647.95,650.68
13.09,646.87,647.94,650.67
13.1,646.87,647.94,650.67
13.11,646.88,647.94,650.66
13.12,646.89,647.93,650.66
13.13,646.9,647.93,650.66
13.14,646.91,647.93,650.65
13.15,646.91,647.92,650.65
13.16,646.92,647.92,650.64
13.17,646.93,647.92,650.64
13.18,646.94,647.92,650.63
13.19,646.94,647.91,650.63
13.2,646.95,647.91,650.62
13.21,646.96,647.91,650.62
13.22,646.96,647.9,650.62
13.23,646.97,647.9,650.61
13.24,646.98,647.9,650.61
13.25,646.98,647.89,650.6
13.26,646.99,647.89,650.6
13.27,647,647.89,650.59
13.28,647,647.88,650.59
13.29,647.01,647.88,650.58
13.3,647.01,647.88,650.58
13.31,647.02,647.87,650.57
13.32,647.02,647.87,650.57
13.33,647.03,647.87,650.57
13.34,647.03,647.87,650.56
13.35,647.04,647.86,650.56
13.36,647.04,647.86,650.55
13.37,647.05,647.86,650.55
13.38,647.05,647.85,650.54
13.39,647.06,647.85,650.54
13.4,647.06,647.85,650.53
13.41,647.07,647.84,650.53
13.42,647.07,647.84,650.52
13.43,647.08,647.84,650.52
13.44,647.08,647.83,650.52
13.45,647.09,647.83,650.51
13.46,647.09,647.83,650.51
13.47,647.09,647.83,650.5
13.48,647.1,647.82,650.5
13.49,647.1,647.82,650.49
13.5,647.11,647.82,650.49
13.51,647.11,647.81,650.48
13.52,647.11,647.81,650.48
13.53,647.12,647.81,650.47
13.54,647.12,647.8,650.47
13.55,647.12,647.8,650.46
13.56,647.13,647.8,650.46
13.57,647.13,647.79,650.46
13.58,647.13,647.79,650.45
13.59,647.14,647.79,650.45
13.6,647.14,647.79,650.44
13.61,647.14,647.78,650.44
13.62,647.15,647.78,650.43
13.63,647.15,647.78,650.43
13.64,647.15,647.77,650.42
13.65,647.15,647.77,650.42
13.66,647.16,647.77,650.41
13.67,647.16,647.76,650.41
13.68,647.16,647.76,650.4
13.69,647.16,647.76,650.4
13.7,647.17,647.75,650.39
13.71,647.17,647.75,650.39
13.72,647.17,647.75,650.38
13.73,647.17,647.75,650.38
13.74,647.18,647.74,650.38
13.75,647.18,647.74,650.37
13.76,647.18,647.74,650.37
13.77,647.18,647.73,650.36
13.78,647.18,647.73,650.36
13.79,647.18,647.73,650.35
13.8,647.19,647.72,650.35
13.81,647.19,647.72,650.34
13.82,647.19,647.72,650.34
13.83,647.19,647.71,650.33
13.84,647.19,647.71,650.33
13.85,647.19,647.71,650.32
13.86,647.2,647.71,650.32
13.87,647.2,647.7,650.31
13.88,647.2,647.7,650.31
13.89,647.2,647.7,650.3
13.9,647.2,647.69,650.3
13.91,647.2,647.69,650.29
13.92,647.2,647.69,650.29
13.93,647.2,647.68,650.28
13.94,647.2,647.68,650.28
13.95,647.21,647.68,650.27
13.96,647.21,647.67,650.27
13.97,647.21,647.67,650.26
13.98,647.21,647.67,650.26
13.99,647.21,647.67,650.26
14,647.21,647.66,650.25
14.01,647.21,647.66,650.25
14.02,647.21,647.66,650.24
14.03,647.21,647.65,650.24
14.04,647.21,647.65,650.23
14.05,647.21,647.65,650.23
14.06,647.21,647.64,650.22
14.07,647.21,647.64,650.22
14.08,647.21,647.64,650.21
14.09,647.21,647.63,650.21
14.1,647.21,647.63,650.2
14.11,647.22,647.63,650.2
14.12,647.22,647.63,650.19
14.13,647.22,647.62,650.19
14.14,647.22,647.62,650.18
14.15,647.22,647.62,650.18
14.16,647.22,647.61,650.17
14.17,647.22,647.61,650.17
14.18,647.22,647.61,650.16
14.19,647.22,647.6,650.16
14.2,647.22,647.6,650.15
14.21,647.22,647.6,650.15
14.22,647.22,647.59,650.14
14.23,647.22,647.59,650.14
14.24,647.22,647.59,650.13
14.25,647.22,647.59,650.13
14.26,647.22,647.58,650.12
14.27,647.22,647.58,650.12
14.28,647.21,647.58,650.11
14.29,647.21,647.57,650.11
14.3,647.21,647.57,650.1
14.31,647.21,647.57,650.1
14.32,647.21,647.56,650.09
14.33,647.21,647.56,650.09
14.34,647.21,647.56,650.08
14.35,647.21,647.55,650.08
14.36,647.21,647.55,650.07
14.37,647.21,647.55,650.07
14.38,647.21,647.55,650.06
14.39,647.21,647.54,650.06
14.4,647.21,647.54,650.05
14.41,647.21,647.54,650.05
14.42,647.21,647.53,650.04
14.43,647.21,647.53,650.04
14.44,647.21,647.53,650.03
14.45,647.21,647.52,650.03
14.46,647.2,647.52,650.02
14.47,647.2,647.52,650.02
14.48,647.2,647.51,650.01
14.49,647.2,647.51,650.01
14.5,647.2,647.51,650
14.51,647.2,647.51,650
14.52,647.2,647.5,649.99
14.53,647.2,647.5,649.99
14.54,647.2,647.5,649.98
14.55,647.2,647.49,649.98
14.56,647.2,647.49,649.97
14.57,647.19,647.49,649.97
14.58,647.19,647.48,649.96
14.59,647.19,647.48,649.96
14.6,647.19,647.48,649.95
14.61,647.19,647.47,649.95
14.62,647.19,647.47,649.94
14.63,647.19,647.47,649.94
14.64,647.19,647.47,649.93
14.65,647.19,647.46,649.93
14.66,647.18,647.46,649.92
14.67,647.18,647.46,649.92
14.68,647.18,647.45,649.91
14.69,647.18,647.45,649.91
14.7,647.18,647.45,649.9
14.71,647.18,647.44,649.9
14.72,647.18,647.44,649.89
14.73,647.17,647.44,649.89
14.74,647.17,647.43,649.88
14.75,647.17,647.43,649.88
14.76,647.17,647.43,649.87
14.77,647.17,647.43,649.87
14.78,647.17,647.42,649.86
14.79,647.17,647.42,649.86
14.8,647.16,647.42,649.85
14.81,647.16,647.41,649.85
14.82,647.16,647.41,649.84
14.83,647.16,647.41,649.84
14.84,647.16,647.4,649.83
14.85,647.16,647.4,649.83
14.86,647.15,647.4,649.82
14.87,647.15,647.39,649.82
14.88,647.15,647.39,649.81
14.89,647.15,647.39,649.81
14.9,647.15,647.39,649.8
14.91,647.15,647.38,649.8
14.92,647.14,647.38,649.79
14.93,647.14,647.38,649.79
14.94,647.14,647.37,649.78
14.95,647.14,647.37,649.78
14.96,647.14,647.37,649.77
14.97,647.14,647.36,649.77
14.98,647.13,647.36,649.76
14.99,647.13,647.36,649.76
15,647.13,647.35,649.75
15.01,647.13,647.35,649.75
15.02,647.13,647.35,649.74
15.03,647.12,647.35,649.74
15.04,647.12,647.34,649.73
15.05,647.12,647.34,649.73
15.06,647.12,647.34,649.72
15.07,647.12,647.33,649.71
15.08,647.11,647.33,649.71
15.09,647.11,647.33,649.7
15.1,647.11,647.32,649.7
15.11,647.11,647.32,649.69
15.12,647.11,647.32,649.69
15.13,647.1,647.31,649.68
15.14,647.1,647.31,649.68
15.15,647.1,647.31,649.67
15.16,647.1,647.31,649.67
15.17,647.1,647.3,649.66
15.18,647.09,647.3,649.66
15.19,647.09,647.3,649.65
15.2,647.09,647.29,649.65
15.21,647.09,647.29,649.64
15.22,647.08,647.29,649.64
15.23,647.08,647.28,649.63
15.24,647.08,647.28,649.63
15.25,647.08,647.28,649.62
15.26,647.08,647.27,649.62
15.27,647.07,647.27,649.61
15.28,647.07,647.27,649.61
15.29,647.07,647.27,649.6
15.3,647.07,647.26,649.6
15.31,647.06,647.26,649.59
15.32,647.06,647.26,649.59
15.33,647.06,647.25,649.58
15.34,647.06,647.25,649.58
15.35,647.05,647.25,649.57
15.36,647.05,647.24,649.57
15.37,647.05,647.24,649.56
15.38,647.05,647.24,649.56
15.39,647.05,647.23,649.55
15.4,647.04,647.23,649.55
15.41,647.04,647.23,649.54
15.42,647.04,647.23,649.54
15.43,647.04,647.22,649.53
15.44,647.03,647.22,649.53
15.45,647.03,647.22,649.52
15.46,647.03,647.21,649.52
15.47,647.03,647.21,649.51
15.48,647.02,647.21,649.51
15.49,647.02,647.2,649.5
15.5,647.02,647.2,649.5
15.51,647.02,647.2,649.49
15.52,647.01,647.19,649.49
15.53,647.01,647.19,649.48
15.54,647.01,647.19,649.48
15.55,647,647.19,649.47
15.56,647,647.18,649.47
15.57,647,647.18,649.46
15.58,647,647.18,649.46
15.59,646.99,647.17,649.45
15.6,646.99,647.17,649.45
15.61,646.99,647.17,649.44
15.62,646.99,647.16,649.44
15.63,646.98,647.16,649.43
15.64,646.98,647.16,649.43
15.65,646.98,647.15,649.42
15.66,646.98,647.15,649.42
15.67,646.97,647.15,649.41
15.68,646.97,647.15,649.41
15.69,646.97,647.14,649.4
15.7,646.96,647.14,649.4
15.71,646.96,647.14,649.39
15.72,646.96,647.13,649.39
15.73,646.96,647.13,649.38
15.74,646.95,647.13,649.38
15.75,646.95,647.12,649.37
15.76,646.95,647.12,649.37
15.77,646.94,647.12,649.36
15.78,646.94,647.11,649.36
15.79,646.94,647.11,649.35
15.8,646.94,647.11,649.35
15.81,646.93,647.11,649.34
15.82,646.93,647.1,649.34
15.83,646.93,647.1,649.33
15.84,646.92,647.1,649.33
15.85,646.92,647.09,649.32
15.86,646.92,647.09,649.32
15.87,646.92,647.09,649.31
15.88,646.91,647.08,649.31
15.89,646.91,647.08,649.3
15.9,646.91,647.08,649.3
15.91,646.9,647.07,649.29
15.92,646.9,647.07,649.29
15.93,646.9,647.07,649.28
15.94,646.89,647.07,649.28
15.95,646.89,647.06,649.27
15.96,646.89,647.06,649.27
15.97,646.89,647.06,649.26
15.98,646.88,647.05,649.26
15.99,646.88,647.05,649.25
16,646.88,647.05,649.25
16.01,646.87,647.04,649.24
16.02,646.87,647.04,649.24
16.03,646.87,647.04,649.23
16.04,646.86,647.03,649.23
16.05,646.86,647.03,649.22
16.06,646.86,647.03,649.22
16.07,646.86,647.03,649.21
16.08,646.85,647.02,649.21
16.09,646.85,647.02,649.2
16.1,646.85,647.02,649.2
16.11,646.84,647.01,649.19
16.12,646.84,647.01,649.19
16.13,646.84,647.01,649.18
16.14,646.83,647,649.18
16.15,646.83,647,649.17
16.16,646.83,647,649.17
16.17,646.82,646.99,649.16
16.18,646.82,646.99,649.16
16.19,646.82,646.99,649.15
16.2,646.81,646.99,649.15
16.21,646.81,646.98,649.14
16.22,646.81,646.98,649.14
16.23,646.8,646.98,649.13
16.24,646.8,646.97,649.13
16.25,646.8,646.97,649.12
16.26,646.79,646.97,649.12
16.27,646.79,646.96,649.11
16.28,646.79,646.96,649.11
16.29,646.78,646.96,649.1
16.3,646.78,646.95,649.1
16.31,646.78,646.95,649.09
16.32,646.78,646.95,649.09
16.33,646.77,646.95,649.09
16.34,646.77,646.94,649.08
16.35,646.77,646.94,649.08
16.36,646.76,646.94,649.07
16.37,646.76,646.93,649.07
16.38,646.76,646.93,649.06
16.39,646.75,646.93,649.06
16.4,646.75,646.92,649.05
16.41,646.75,646.92,649.05
16.42,646.74,646.92,649.04
16.43,646.74,646.91,649.04
16.44,646.74,646.91,649.03
16.45,646.73,646.91,649.03
16.46,646.73,646.91,649.02
16.47,646.72,646.9,649.02
16.48,646.72,646.9,649.01
16.49,646.72,646.9,649.01
16.5,646.71,646.89,649.01
16.51,646.71,646.89,649
16.52,646.71,646.89,649
16.53,646.7,646.88,648.99
16.54,646.7,646.88,648.99
16.55,646.7,646.88,648.98
16.56,646.69,646.87,648.98
16.57,646.69,646.87,648.97
16.58,646.69,646.87,648.97
16.59,646.68,646.87,648.96
16.6,646.68,646.86,648.96
16.61,646.68,646.86,648.95
16.62,646.67,646.86,648.95
16.63,646.67,646.85,648.95
16.64,646.67,646.85,648.94
16.65,646.66,646.85,648.94
16.66,646.66,646.84,648.93
16.67,646.66,646.84,648.93
16.68,646.65,646.84,648.92
16.69,646.65,646.83,648.92
16.7,646.65,646.83,648.91
16.71,646.64,646.83,648.91
16.72,646.64,646.83,648.9
16.73,646.63,646.82,648.9
16.74,646.63,646.82,648.9
16.75,646.63,646.82,648.89
16.76,646.62,646.81,648.89
16.77,646.62,646.81,648.88
16.78,646.62,646.81,648.88
16.79,646.61,646.8,648.87
16.8,646.61,646.8,648.87
16.81,646.61,646.8,648.86
16.82,646.6,646.79,648.86
16.83,646.6,646.79,648.86
16.84,646.6,646.79,648.85
16.85,646.59,646.79,648.85
16.86,646.59,646.78,648.84
16.87,646.58,646.78,648.84
16.88,646.58,646.78,648.83
16.89,646.58,646.77,648.83
16.9,646.57,646.77,648.82
16.91,646.57,646.77,648.82
16.92,646.57,646.76,648.82
16.93,646.56,646.76,648.81
16.94,646.56,646.76,648.81
16.95,646.56,646.75,648.8
16.96,646.55,646.75,648.8
16.97,646.55,646.75,648.79
16.98,646.54,646.75,648.79
16.99,646.54,646.74,648.79
17,646.54,646.74,648.78
17.01,646.53,646.74,648.78
17.02,646.53,646.73,648.77
17.03,646.53,646.73,648.77
17.04,646.52,646.73,648.77
17.05,646.52,646.72,648.76
17.06,646.51,646.72,648.76
17.07,646.51,646.72,648.75
17.08,646.51,646.71,648.75
17.09,646.5,646.71,648.74
17.1,646.5,646.71,648.74
17.11,646.5,646.71,648.74
17.12,646.49,646.7,648.73
17.13,646.49,646.7,648.73
17.14,646.48,646.7,648.72
17.15,646.48,646.69,648.72
17.16,646.48,646.69,648.72
17.17,646.47,646.69,648.71
17.18,646.47,646.68,648.71
17.19,646.47,646.68,648.7
17.2,646.46,646.68,648.7
17.21,646.46,646.67,648.7
17.22,646.45,646.67,648.69
17.23,646.45,646.67,648.69
17.24,646.45,646.66,648.68
17.25,646.44,646.66,648.68
17.26,646.44,646.66,648.68
17.27,646.44,646.66,648.67
17.28,646.43,646.65,648.67
17.29,646.43,646.65,648.66
17.3,646.42,646.65,648.66
17.31,646.42,646.64,648.66
17.32,646.42,646.64,648.65
17.33,646.41,646.64,648.65
17.34,646.41,646.63,648.64
17.35,646.4,646.63,648.64
17.36,646.4,646.63,648.64
17.37,646.4,646.62,648.63
17.38,646.39,646.62,648.63
17.39,646.39,646.62,648.62
17.4,646.39,646.62,648.62
17.41,646.38,646.61,648.62
17.42,646.38,646.61,648.61
17.43,646.37,646.61,648.61
17.44,646.37,646.6,648.6
17.45,646.37,646.6,648.6
17.46,646.36,646.6,648.6
17.47,646.36,646.59,648.59
17.48,646.35,646.59,648.59
17.49,646.35,646.59,648.59
17.5,646.35,646.58,648.58
17.51,646.34,646.58,648.58
17.52,646.34,646.58,648.57
17.53,646.33,646.58,648.57
17.54,646.33,646.57,648.57
17.55,646.33,646.57,648.56
17.56,646.32,646.57,648.56
17.57,646.32,646.56,648.56
17.58,646.32,646.56,648.55
17.59,646.31,646.56,648.55
17.6,646.31,646.55,648.54
17.61,646.3,646.55,648.54
17.62,646.3,646.55,648.54
17.63,646.3,646.54,648.53
17.64,646.29,646.54,648.53
17.65,646.29,646.54,648.53
17.66,646.28,646.54,648.52
17.67,646.28,646.53,648.52
17.68,646.28,646.53,648.52
17.69,646.27,646.53,648.51
17.7,646.27,646.52,648.51
17.71,646.26,646.52,648.5
17.72,646.26,646.52,648.5
17.73,646.26,646.51,648.5
17.74,646.25,646.51,648.49
17.75,646.25,646.51,648.49
17.76,646.24,646.5,648.49
17.77,646.24,646.5,648.48
17.78,646.24,646.5,648.48
17.79,646.23,646.5,648.48
17.8,646.23,646.49,648.47
17.81,646.22,646.49,648.47
17.82,646.22,646.49,648.47
17.83,646.22,646.48,648.46
17.84,646.21,646.48,648.46
17.85,646.21,646.48,648.46
17.86,646.2,646.47,648.45
17.87,646.2,646.47,648.45
17.88,646.2,646.47,648.44
17.89,646.19,646.46,648.44
17.9,646.19,646.46,648.44
17.91,646.18,646.46,648.43
17.92,646.18,646.46,648.43
17.93,646.18,646.45,648.43
17.94,646.17,646.45,648.42
17.95,646.17,646.45,648.42
17.96,646.16,646.44,648.42
17.97,646.16,646.44,648.41
17.98,646.16,646.44,648.41
17.99,646.15,646.43,648.41
18,646.15,646.43,648.4
18.01,646.14,646.43,648.4
18.02,646.14,646.42,648.4
18.03,646.13,646.42,648.39
18.04,646.13,646.42,648.39
18.05,646.13,646.42,648.39
18.06,646.12,646.41,648.38
18.07,646.12,646.41,648.38
18.08,646.11,646.41,648.38
18.09,646.11,646.4,648.37
18.1,646.11,646.4,648.37
18.11,646.1,646.4,648.37
18.12,646.1,646.39,648.36
18.13,646.09,646.39,648.36
18.14,646.09,646.39,648.36
18.15,646.09,646.38,648.36
18.16,646.08,646.38,648.35
18.17,646.08,646.38,648.35
18.18,646.07,646.38,648.35
18.19,646.07,646.37,648.34
18.2,646.07,646.37,648.34
18.21,646.06,646.37,648.34
18.22,646.06,646.36,648.33
18.23,646.05,646.36,648.33
18.24,646.05,646.36,648.33
18.25,646.04,646.35,648.32
18.26,646.04,646.35,648.32
18.27,646.04,646.35,648.32
18.28,646.03,646.34,648.31
18.29,646.03,646.34,648.31
18.3,646.02,646.34,648.31
18.31,646.02,646.34,648.3
18.32,646.02,646.33,648.3
18.33,646.01,646.33,648.3
18.34,646.01,646.33,648.3
18.35,646,646.32,648.29
18.36,646,646.32,648.29
18.37,646,646.32,648.29
18.38,645.99,646.31,648.28
18.39,645.99,646.31,648.28
18.4,645.98,646.31,648.28
18.41,645.98,646.3,648.27
18.42,645.97,646.3,648.27
18.43,645.97,646.3,648.27
18.44,645.97,646.3,648.27
18.45,645.96,646.29,648.26
18.46,645.96,646.29,648.26
18.47,645.95,646.29,648.26
18.48,645.95,646.28,648.25
18.49,645.95,646.28,648.25
18.5,645.94,646.28,648.25
18.51,645.94,646.27,648.24
18.52,645.93,646.27,648.24
18.53,645.93,646.27,648.24
18.54,645.92,646.26,648.24
18.55,645.92,646.26,648.23
18.56,645.92,646.26,648.23
18.57,645.91,646.26,648.23
18.58,645.91,646.25,648.22
18.59,645.9,646.25,648.22
18.6,645.9,646.25,648.22
18.61,645.89,646.24,648.22
18.62,645.89,646.24,648.21
18.63,645.89,646.24,648.21
18.64,645.88,646.23,648.21
18.65,645.88,646.23,648.2
18.66,645.87,646.23,648.2
18.67,645.87,646.22,648.2
18.68,645.87,646.22,648.2
18.69,645.86,646.22,648.19
18.7,645.86,646.22,648.19
18.71,645.85,646.21,648.19
18.72,645.85,646.21,648.18
18.73,645.84,646.21,648.18
18.74,645.84,646.2,648.18
18.75,645.84,646.2,648.18
18.76,645.83,646.2,648.17
18.77,645.83,646.19,648.17
18.78,645.82,646.19,648.17
18.79,645.82,646.19,648.17
18.8,645.81,646.18,648.16
18.81,645.81,646.18,648.16
18.82,645.81,646.18,648.16
18.83,645.8,646.18,648.15
18.84,645.8,646.17,648.15
18.85,645.79,646.17,648.15
18.86,645.79,646.17,648.15
18.87,645.79,646.16,648.14
18.88,645.78,646.16,648.14
18.89,645.78,646.16,648.14
18.9,645.77,646.15,648.14
18.91,645.77,646.15,648.13
18.92,645.76,646.15,648.13
18.93,645.76,646.14,648.13
18.94,645.76,646.14,648.12
18.95,645.75,646.14,648.12
18.96,645.75,646.14,648.12
18.97,645.74,646.13,648.12
18.98,645.74,646.13,648.11
18.99,645.73,646.13,648.11
19,645.73,646.12,648.11
19.01,645.73,646.12,648.11
19.02,645.72,646.12,648.1
19.03,645.72,646.11,648.1
19.04,645.71,646.11,648.1
19.05,645.71,646.11,648.1
19.06,645.7,646.1,648.09
19.07,645.7,646.1,648.09
19.08,645.7,646.1,648.09
19.09,645.69,646.1,648.09
19.1,645.69,646.09,648.08
19.11,645.68,646.09,648.08
19.12,645.68,646.09,648.08
19.13,645.67,646.08,648.08
19.14,645.67,646.08,648.07
19.15,645.67,646.08,648.07
19.16,645.66,646.07,648.07
19.17,645.66,646.07,648.07
19.18,645.65,646.07,648.06
19.19,645.65,646.06,648.06
19.2,645.64,646.06,648.06
19.21,645.64,646.06,648.06
19.22,645.64,646.06,648.05
19.23,645.63,646.05,648.05
19.24,645.63,646.05,648.05
19.25,645.62,646.05,648.05
19.26,645.62,646.04,648.04
19.27,645.61,646.04,648.04
19.28,645.61,646.04,648.04
19.29,645.61,646.03,648.04
19.3,645.6,646.03,648.03
19.31,645.6,646.03,648.03
19.32,645.59,646.02,648.03
19.33,645.59,646.02,648.03
19.34,645.58,646.02,648.02
19.35,645.58,646.02,648.02
19.36,645.58,646.01,648.02
19.37,645.57,646.01,648.02
19.38,645.57,646.01,648.01
19.39,645.56,646,648.01
19.4,645.56,646,648.01
19.41,645.55,646,648.01
19.42,645.55,645.99,648
19.43,645.55,645.99,648
19.44,645.54,645.99,648
19.45,645.54,645.98,648
19.46,645.53,645.98,647.99
19.47,645.53,645.98,647.99
19.48,645.52,645.98,647.99
19.49,645.52,645.97,647.99
19.5,645.52,645.97,647.98
19.51,645.51,645.97,647.98
19.52,645.51,645.96,647.98
19.53,645.5,645.96,647.98
19.54,645.5,645.96,647.97
19.55,645.49,645.95,647.97
19.56,645.49,645.95,647.97
19.57,645.49,645.95,647.97
19.58,645.48,645.94,647.96
19.59,645.48,645.94,647.96
19.6,645.47,645.94,647.96
19.61,645.47,645.94,647.96
19.62,645.46,645.93,647.96
19.63,645.46,645.93,647.95
19.64,645.46,645.93,647.95
19.65,645.45,645.92,647.95
19.66,645.45,645.92,647.95
19.67,645.44,645.92,647.94
19.68,645.44,645.91,647.94
19.69,645.43,645.91,647.94
19.7,645.43,645.91,647.94
19.71,645.43,645.9,647.93
19.72,645.42,645.9,647.93
19.73,645.42,645.9,647.93
19.74,645.41,645.9,647.93
19.75,645.41,645.89,647.92
19.76,645.4,645.89,647.92
19.77,645.4,645.89,647.92
19.78,645.39,645.88,647.92
19.79,645.39,645.88,647.91
19.8,645.39,645.88,647.91
19.81,645.38,645.87,647.91
19.82,645.38,645.87,647.91
19.83,645.37,645.87,647.91
19.84,645.37,645.86,647.9
19.85,645.36,645.86,647.9
19.86,645.36,645.86,647.9
19.87,645.36,645.86,647.9
19.88,645.35,645.85,647.89
19.89,645.35,645.85,647.89
19.9,645.34,645.85,647.89
19.91,645.34,645.84,647.89
19.92,645.33,645.84,647.88
19.93,645.33,645.84,647.88
19.94,645.33,645.83,647.88
19.95,645.32,645.83,647.88
19.96,645.32,645.83,647.88
19.97,645.31,645.82,647.87
19.98,645.31,645.82,647.87
19.99,645.3,645.82,647.87
20,645.3,645.82,647.87
20.01,,645.81,647.86
20.0132,,645.81,647.86
